{
    "version": "2.0",
    "lastUpdated": "2026-01-06",
    "categories": {
        "all": [],
        "technology": [
            {
                "url": "https://100r.co",
                "title": "Hundred Rabbits",
                "description": "Research studio experimenting with resilient software and tools"
            },
            {
                "url": "https://solar.lowtechmagazine.com",
                "title": "Low-Tech Magazine",
                "description": "Doubts on progress and technology"
            },
            {
                "url": "https://wizardzines.com/",
                "title": "Wizard Zines",
                "description": "Programming comics and zines"
            },
            {
                "url": "https://urbit.org/",
                "title": "Urbit",
                "description": "Peer-to-peer internet OS"
            }
        ],
        "science": [
            {
                "url": "https://neal.fun/space-elevator/",
                "title": "Space Elevator",
                "description": "Scroll through the atmosphere"
            },
            {
                "url": "https://www.quantamagazine.org/",
                "title": "Quanta Magazine",
                "description": "Math and science journalism"
            },
            {
                "url": "https://www.scientificamerican.com/",
                "title": "Scientific American",
                "description": "Science news and research"
            }
        ],
        "design": [
            {
                "url": "https://brutalistwebsites.com",
                "title": "Brutalist Websites",
                "description": "Raw concrete web design"
            },
            {
                "url": "https://www.are.na",
                "title": "Are.na",
                "description": "Visual organization for research and ideas"
            },
            {
                "url": "https://pudding.cool/",
                "title": "The Pudding",
                "description": "Visual essays with data"
            },
            {
                "url": "https://www.dezeen.com/",
                "title": "Dezeen",
                "description": "Architecture and design magazine"
            }
        ],
        "art": [
            {
                "url": "https://thecreativeindependent.com/",
                "title": "The Creative Independent",
                "description": "Interviews with creative people"
            },
            {
                "url": "https://www.guerrillagirls.com/",
                "title": "Guerrilla Girls",
                "description": "Activist art collective"
            }
        ],
        "weird": [
            {
                "url": "https://www.cameronsworld.net",
                "title": "Cameron's World",
                "description": "Web collage of GeoCities"
            },
            {
                "url": "https://neal.fun/internet-artifacts/",
                "title": "Internet Artifacts",
                "description": "Museum of internet history"
            },
            {
                "url": "http://www.timecube.net/",
                "title": "Time Cube",
                "description": "The legendary 4-day time cube theory"
            },
            {
                "url": "http://www.darkroastedblend.com/",
                "title": "Dark Roasted Blend",
                "description": "Weird and wonderful vintage finds"
            },
            {
                "url": "https://www.atlasobscura.com/",
                "title": "Atlas Obscura",
                "description": "Curious and wondrous travel destinations"
            },
            {
                "url": "https://neal.fun/",
                "title": "Neal.fun",
                "description": "Interactive experiments and games"
            },
            {
                "url": "https://www.radiooooo.com/",
                "title": "Radiooooo",
                "description": "Musical time machine"
            }
        ],
        "diy": [
            {
                "url": "https://www.instructables.com/circuits",
                "title": "Instructables",
                "description": "DIY how-to community"
            },
            {
                "url": "https://www.ifixit.com",
                "title": "iFixit",
                "description": "Repair guides for everything"
            },
            {
                "url": "https://www.hackaday.com/",
                "title": "Hackaday",
                "description": "Hardware hacking and making"
            },
            {
                "url": "https://makezine.com/",
                "title": "Make Magazine",
                "description": "DIY projects and how-tos"
            }
        ],
        "philosophy": [
            {
                "url": "https://meaningness.com",
                "title": "Meaningness",
                "description": "How to think better about meaning"
            },
            {
                "url": "https://aeon.co/",
                "title": "Aeon",
                "description": "Essays on philosophy and culture"
            }
        ]
    }
}